id,name,model_id:id,group_id:id,perm_read,perm_write,perm_create,perm_unlink
access_sh_account_approval_config,access_sh_account_approval_config,model_sh_account_approval_config,base.group_user,1,1,1,1
access_sh_account_approval_line,access_sh_account_approval_line,model_sh_account_approval_line,base.group_user,1,1,1,1
access_approval_approval_info,access_account_approval_info,model_account_approval_info,base.group_user,1,1,1,1
access_account_reject_reason_wizard,access_account_reject_reason_wizard,model_account_reject_reason_wizard,base.group_user,1,1,1,1
,,,,,,,
access_sh_payment_approval_config,access_sh_payment_approval_config,model_sh_payment_approval_config,base.group_user,1,1,1,1
access_sh_payment_approval_line,access_sh_payment_approval_line,model_sh_payment_approval_line,base.group_user,1,1,1,1
access_payment_approval_info,access_payment_approval_info,model_payment_approval_info,base.group_user,1,1,1,1
access_payment_reject_reason_wizard,access_payment_reject_reason_wizard,model_payment_reject_reason_wizard,base.group_user,1,1,1,1
,,,,,,,
access_batch_payment_approval_readonly,batch_payment_approval_readonly,model_batch_payment_approval,account.group_account_readonly,1,0,0,0
access_batch_payment_approval,batch_payment_approval,model_batch_payment_approval,account.group_account_invoice,1,1,1,1

access_sh_batch_payment_approval_config,access_sh_batch_payment_approval_config,model_sh_batch_payment_approval_config,base.group_user,1,1,1,1
access_sh_batch_payment_approval_line,access_sh_batch_payment_approval_line,model_sh_batch_payment_approval_line,base.group_user,1,1,1,1
access_batch_payment_approval_info,access_batch_payment_approval_info,model_batch_payment_approval_info,base.group_user,1,1,1,1
access_batch_payment_reject_reason_wizard,access_batch_payment_reject_reason_wizard,model_batch_payment_reject_reason_wizard,base.group_user,1,1,1,1